{
  "total_classified": 529,
  "ocr_prob_stats": {
    "mean": 0.1809826052072282,
    "median": 0.003172151977196336,
    "std": 0.3603427461413028,
    "min": 0.0005216161371208727,
    "max": 0.9975549578666687,
    "q25": 0.0013252117205411196,
    "q75": 0.0471394881606102
  },
  "threshold_distribution": {
    "very_low_ocr": {
      "count": 428,
      "percentage": 80.90737240075615,
      "range": "0.0-0.2"
    },
    "low_ocr": {
      "count": 5,
      "percentage": 0.945179584120983,
      "range": "0.2-0.4"
    },
    "medium_ocr": {
      "count": 5,
      "percentage": 0.945179584120983,
      "range": "0.4-0.6"
    },
    "high_ocr": {
      "count": 8,
      "percentage": 1.5122873345935728,
      "range": "0.6-0.8"
    },
    "very_high_ocr": {
      "count": 83,
      "percentage": 15.689981096408317,
      "range": "0.8-1.0"
    }
  },
  "characteristics_by_threshold": {
    "very_low_ocr": {
      "avg_pages": 6.885514018691588,
      "form_percentage": 1.8691588785046727,
      "avg_garbled_ratio": 0.0122693072907354,
      "truncated_percentage": 19.626168224299064,
      "encrypted_percentage": 0.0,
      "avg_content_length": 303463.2242990654
    },
    "low_ocr": {
      "avg_pages": 8.2,
      "form_percentage": 0.0,
      "avg_garbled_ratio": 0.07272919754393395,
      "truncated_percentage": 0.0,
      "encrypted_percentage": 0.0,
      "avg_content_length": 451508.0
    },
    "medium_ocr": {
      "avg_pages": 20.0,
      "form_percentage": 0.0,
      "avg_garbled_ratio": 6.313928526329082e-05,
      "truncated_percentage": 40.0,
      "encrypted_percentage": 0.0,
      "avg_content_length": 628170.2
    },
    "high_ocr": {
      "avg_pages": 6.375,
      "form_percentage": 0.0,
      "avg_garbled_ratio": 0.2232552577925777,
      "truncated_percentage": 25.0,
      "encrypted_percentage": 0.0,
      "avg_content_length": 537293.125
    },
    "very_high_ocr": {
      "avg_pages": 4.626506024096385,
      "form_percentage": 1.2048192771084338,
      "avg_garbled_ratio": 0.0002710248237960894,
      "truncated_percentage": 20.481927710843372,
      "encrypted_percentage": 0.0,
      "avg_content_length": 506093.5542168675
    }
  }
}